EventDate,Region,Type,Subtype,Subsubtype
30-Jun-12,Northern America,Storm,Convective storm,Tornado
1-Jul-29,Western Europe,Storm,Convective storm,Hail
13-Jun-30,Southern Europe,Storm,Convective storm,Hail
1-Nov-50,Northern America,Storm,Convective storm,Tornado
4-Jan-51,Eastern Africa,Storm,Convective storm,Tornado
1-Jul-53,Western Europe,Storm,Convective storm,Severe storm
16-Feb-59,Northern America,Storm,Convective storm,Winter storm/Blizzard
1-Feb-62,Western Europe,Storm,Convective storm,Severe storm
17-Jun-66,Western Europe,Storm,Convective storm,Tornado
4-Mar-66,Northern America,Storm,Convective storm,Winter storm/Blizzard
4-Apr-66,Eastern Asia,Storm,Convective storm,Lightning/Thunderstorms
25-Jun-67,Western Europe,Storm,Convective storm,Tornado
25-Jun-67,Western Europe,Storm,Convective storm,Tornado
10-Jul-68,Western Europe,Storm,Convective storm,Tornado
4-Mar-71,Northern America,Storm,Convective storm,Winter storm/Blizzard
4-May-71,Northern America,Mass movement (dry),Landslide,Mudslide
2-Apr-72,Southern Asia,Storm,Convective storm,Tornado
1-Jan-73,South America,Storm,Convective storm,Tornado
28-Apr-75,Eastern Asia,Storm,Convective storm,Lightning/Thunderstorms
10-Jan-76,Australia and New Zealand,Storm,Convective storm,Lightning/Thunderstorms
2-Nov-76,Australia and New Zealand,Storm,Convective storm,Tornado
10-Apr-76,Southern Asia,Storm,Convective storm,Tornado
9-May-76,Southern Asia,Storm,Convective storm,Tornado
1-Jan-77,Australia and New Zealand,Storm,Convective storm,Lightning/Thunderstorms
6-Oct-77,Southern Asia,Storm,Convective storm,Tornado
17-Mar-78,Southern Asia,Storm,Convective storm,Tornado
16-Apr-78,Southern Asia,Storm,Convective storm,Tornado
16-Apr-78,Southern Asia,Storm,Convective storm,Tornado
1-Jan-03,Northern America,Storm,Convective storm,Tornado
1-Mar-13,Northern America,Storm,Convective storm,Tornado
20-Apr-20,Northern America,Storm,Convective storm,Tornado
10-Jul-23,Russian Federation,Storm,Convective storm,Hail
17-Mar-25,Northern America,Storm,Convective storm,Tornado
1-Sep-27,Northern America,Storm,Convective storm,Tornado
6-Jul-28,Eastern Europe,Storm,Convective storm,Tornado
1-May-28,Eastern Europe,Storm,Convective storm,Hail
21-Mar-32,Northern America,Storm,Convective storm,Tornado
5-Apr-36,Northern America,Storm,Convective storm,Tornado
10-Mar-39,Southern Asia,Storm,Convective storm,Hail
1-Jun-53,Northern America,Storm,Convective storm,Tornado
1-Jan-63,Northern America,Storm,Convective storm,Tornado
13-Sep-64,Central America,Storm,Convective storm,Tornado
8-May-64,Western Asia,Storm,Convective storm,Hail
5-Jul-65,Southern Europe,Storm,Convective storm,Tornado
11-Apr-65,Northern America,Storm,Convective storm,Tornado
15-Mar-66,Western Africa,Storm,Convective storm,Tornado
8-Jun-66,Northern America,Storm,Convective storm,Tornado
11-May-70,Northern America,Storm,Convective storm,Tornado
10-Feb-72,Southern Asia,Storm,Convective storm,Winter storm/Blizzard
4-Feb-72,Western Asia,Storm,Convective storm,Winter storm/Blizzard
2-Apr-74,Northern America,Storm,Convective storm,Tornado
22-Oct-77,Eastern Africa,Storm,Convective storm,Hail
25-Jun-78,Southern Europe,Storm,Convective storm,Tornado
5-Feb-78,Northern America,Storm,Convective storm,Winter storm/Blizzard
1-Nov-79,Australia and New Zealand,Storm,Convective storm,Hail
6-May-79,Northern Africa,Storm,Convective storm,Sand/Dust storm
25-Jun-80,South America,Storm,Convective storm,Tornado
24-Dec-80,Northern Europe,Storm,Convective storm,Severe storm
7-Aug-80,Eastern Asia,Storm,Convective storm,Lightning/Thunderstorms
28-Jul-81,Northern America,Storm,Convective storm,Hail
1-Nov-81,Australia and New Zealand,Storm,Convective storm,Lightning/Thunderstorms
19-Jul-81,Western Europe,Storm,Convective storm,Winter storm/Blizzard
15-Apr-81,Southern Asia,Storm,Convective storm,Tornado
10-Nov-81,Eastern Europe,Storm,Convective storm,Winter storm/Blizzard
15-Apr-81,Eastern Asia,Storm,Convective storm,Hail
19-Jul-81,Eastern Europe,Storm,Convective storm,Winter storm/Blizzard
19-Mar-81,Eastern Asia,Storm,Convective storm,Hail
15-Nov-82,Australia and New Zealand,Storm,Convective storm,Lightning/Thunderstorms
15-Dec-82,Australia and New Zealand,Storm,Convective storm,Lightning/Thunderstorms
20-Sep-82,Western Europe,Storm,Convective storm,Tornado
18-Apr-83,Caribbean,Storm,Convective storm,Tornado
26-Apr-83,Southern Asia,Storm,Convective storm,Tornado
15-Jan-83,Western Europe,Storm,Convective storm,Winter storm/Blizzard
1-Apr-83,Eastern Asia,Storm,Convective storm,Tornado
14-Apr-83,Eastern Asia,Storm,Convective storm,Tornado
17-Jun-83,South America,Storm,Convective storm,Tornado
23-Apr-83,Western Asia,Storm,Convective storm,Hail
26-Jul-83,Western Europe,Storm,Convective storm,Severe storm
1-Feb-83,Northern Europe,Storm,Convective storm,Severe storm
12-Jul-84,Western Europe,Storm,Convective storm,Hail
12-Jul-84,Western Europe,Storm,Convective storm,Hail
21-Nov-84,Western Europe,Storm,Convective storm,Severe storm
9-Oct-84,South America,Storm,Convective storm,Tornado
1-Jul-84,South America,Storm,Convective storm,Winter storm/Blizzard
22-Nov-84,Eastern Europe,Storm,Convective storm,Severe storm
22-Nov-84,Western Europe,Storm,Convective storm,Severe storm
11-Jul-84,Western Europe,Storm,Convective storm,Severe storm
21-Nov-84,Western Europe,Storm,Convective storm,Severe storm
24-Jan-84,Northern Europe,Storm,Convective storm,Winter storm/Blizzard
18-Jan-85,Australia and New Zealand,Storm,Convective storm,Hail
1-Sep-85,Australia and New Zealand,Storm,Convective storm,Hail
1-Aug-85,Western Europe,Storm,Convective storm,Severe storm
28-Mar-85,Southern Asia,Storm,Convective storm,Tornado
30-Sep-85,South America,Storm,Convective storm,Hail
29-May-85,Northern America,Storm,Convective storm,Tornado
15-Aug-85,Western Europe,Storm,Convective storm,Hail
1-Aug-85,Western Europe,Storm,Convective storm,Severe storm
1-Aug-85,Western Europe,Storm,Convective storm,Severe storm
1-Aug-85,Northern Europe,Storm,Convective storm,Severe storm
1-Aug-85,Western Europe,Storm,Convective storm,Severe storm
1-Dec-86,South America,Storm,Convective storm,Tornado
1-Jan-86,Australia and New Zealand,Storm,Convective storm,Hail
4-Apr-86,Southern Asia,Storm,Convective storm,Hail
1-Jan-86,Northern America,Storm,Convective storm,Tornado
1-Aug-86,Western Europe,Storm,Convective storm,Hail
15-Jun-86,South America,Storm,Convective storm,Severe storm
1-Jan-86,Eastern Asia,Storm,Convective storm,Winter storm/Blizzard
31-Jul-87,Northern America,Storm,Convective storm,Tornado
6-Mar-87,Eastern Asia,Storm,Convective storm,Tornado
31-Jul-87,Eastern Asia,Storm,Convective storm,Tornado
24-Aug-87,Southern Europe,Storm,Convective storm,Hail
9-May-80,Southern Asia,Storm,Convective storm,Sand/Dust storm
13-Jun-80,Southern Asia,Storm,Convective storm,Lightning/Thunderstorms
17-Apr-81,Southern Asia,Storm,Convective storm,Tornado
10-Mar-81,Southern Asia,Storm,Convective storm,Tornado
6-Oct-82,Western Africa,Mass movement (dry),Landslide,Mudslide
1-Feb-82,Western Asia,Storm,Convective storm,Severe storm
1-Dec-83,Central America,Storm,Convective storm,Winter storm/Blizzard
16-Sep-83,South-Eastern Asia,Storm,Convective storm,Tornado
1-Jan-83,Eastern Europe,Storm,Convective storm,Severe storm
21-Nov-84,Western Europe,Storm,Convective storm,Severe storm
1-Aug-85,Western Europe,Storm,Convective storm,Severe storm
16-Nov-86,Southern Asia,Storm,Convective storm,Winter storm/Blizzard
1-Apr-86,Eastern Asia,Storm,Convective storm,Winter storm/Blizzard
31-May-86,Southern Asia,Storm,Convective storm,Sand/Dust storm
1-Jan-87,Southern Asia,Storm,Convective storm,Hail
12-Mar-88,Southern Asia,Storm,Convective storm,Hail
1-Apr-88,Eastern Africa,Storm,Convective storm,Lightning/Thunderstorms
23-Jul-88,Southern Asia,Storm,Convective storm,Lightning/Thunderstorms
21-Oct-88,South-Eastern Asia,Storm,Convective storm,Tornado
6-Sep-88,Melanesia,Mass movement (dry),Landslide,Mudslide
10-Apr-79,Northern America,Storm,Convective storm,Tornado
10-Apr-79,Northern America,Storm,Convective storm,Winter storm/Blizzard
9-May-81,Northern America,Storm,Convective storm,Tornado
2-Apr-82,Northern America,Storm,Convective storm,Tornado
7-May-82,Northern America,Storm,Convective storm,Tornado
5-Apr-82,Northern America,Storm,Convective storm,Winter storm/Blizzard
25-Dec-82,Northern America,Storm,Convective storm,Winter storm/Blizzard
1-Jun-83,Russian Federation,Storm,Convective storm,Severe storm
1-May-83,South-Eastern Asia,Storm,Convective storm,Severe storm
1-Jun-84,Russian Federation,Storm,Convective storm,Tornado
27-Mar-84,Northern America,Storm,Convective storm,Tornado
13-Jun-84,Northern America,Storm,Convective storm,Tornado
1-Nov-84,Southern Africa,Storm,Convective storm,Hail
29-May-85,Northern America,Storm,Convective storm,Tornado
5-Feb-86,Northern America,Storm,Convective storm,Severe storm
16-Mar-87,Russian Federation,Mass movement (dry),Landslide,Mudslide
22-May-87,Northern America,Storm,Convective storm,Tornado
27-Feb-87,Northern America,Storm,Convective storm,Tornado
13-Dec-87,Northern America,Storm,Convective storm,Winter storm/Blizzard
4-Jan-87,Northern America,Storm,Convective storm,Winter storm/Blizzard
20-Jan-87,Northern America,Storm,Convective storm,Winter storm/Blizzard
25-Jun-88,Middle Africa,Storm,Convective storm,Hail
26-Apr-89,Southern Asia,Storm,Convective storm,Tornado
20-Apr-89,Eastern Asia,Storm,Convective storm,Hail
1-Aug-89,Eastern Asia,Storm,Convective storm,Hail
1-Jun-89,Eastern Asia,Storm,Convective storm,Winter storm/Blizzard
18-Mar-90,Australia and New Zealand,Storm,Convective storm,Hail
22-May-90,Western Europe,Storm,Convective storm,Severe storm
1-Jul-90,Western Europe,Storm,Convective storm,Severe storm
2-May-90,Southern Asia,Storm,Convective storm,Tornado
22-Apr-90,Southern Asia,Storm,Convective storm,Tornado
15-Jul-90,Eastern Asia,Storm,Convective storm,Hail
9-Nov-90,Eastern Asia,Storm,Convective storm,Tornado
16-Nov-90,Eastern Asia,Storm,Convective storm,Tornado
13-Jul-91,Western Europe,Storm,Convective storm,Lightning/Thunderstorms
7-Sep-91,Northern America,Storm,Convective storm,Hail
17-Mar-91,Eastern Asia,Storm,Convective storm,Hail
1-Jan-91,Australia and New Zealand,Storm,Convective storm,Severe storm
7-May-91,Southern Asia,Storm,Convective storm,Tornado
20-Apr-92,Eastern Asia,Storm,Convective storm,Hail
15-Mar-92,Eastern Asia,Storm,Convective storm,Hail
12-Feb-92,Australia and New Zealand,Storm,Convective storm,Hail
18-Dec-92,Australia and New Zealand,Storm,Convective storm,Severe storm
1-Mar-92,Eastern Asia,Storm,Convective storm,Winter storm/Blizzard
4-Jul-93,Western Europe,Storm,Convective storm,Hail
5-Jul-93,Western Europe,Storm,Convective storm,Hail
1-Sep-93,Australia and New Zealand,Storm,Convective storm,Tornado
5-Jul-93,Western Europe,Storm,Convective storm,Hail
12-Jan-93,Southern Asia,Storm,Convective storm,Lightning/Thunderstorms
8-Mar-93,Eastern Europe,Storm,Convective storm,Winter storm/Blizzard
19-May-93,Western Europe,Storm,Convective storm,Hail
24-Apr-93,Eastern Asia,Storm,Convective storm,Hail
5-May-93,Eastern Asia,Storm,Convective storm,Sand/Dust storm
1-Jan-93,Eastern Asia,Storm,Convective storm,Winter storm/Blizzard
18-Dec-93,South America,Mass movement (dry),Landslide,Mudslide
13-Mar-93,Caribbean,Storm,Convective storm,Winter storm/Blizzard
14-Dec-93,Northern Africa,Mass movement (dry),Subsidence,Sudden subsidence
20-Aug-90,Southern Asia,Storm,Convective storm,Severe storm
25-Aug-90,Southern Asia,Storm,Convective storm,Severe storm
12-Dec-90,Eastern Asia,Storm,Convective storm,Tornado
21-Apr-90,Eastern Asia,Storm,Convective storm,Winter storm/Blizzard
27-May-91,Southern Asia,Storm,Convective storm,Severe storm
21-Apr-91,Eastern Asia,Storm,Convective storm,Severe storm
17-Jun-92,Southern Asia,Storm,Convective storm,Severe storm
1-Feb-92,Western Asia,Storm,Convective storm,Winter storm/Blizzard
22-Sep-92,Western Europe,Storm,Convective storm,Severe storm
24-Aug-92,Australia and New Zealand,Storm,Convective storm,Winter storm/Blizzard
6-Jul-92,Central America,Storm,Convective storm,Tornado
5-Jul-93,Western Europe,Storm,Convective storm,Hail
15-Apr-93,Eastern Africa,Storm,Convective storm,Hail
25-May-93,Southern Asia,Storm,Convective storm,Hail
5-May-93,Eastern Asia,Storm,Convective storm,Winter storm/Blizzard
10-Mar-93,Central America,Storm,Convective storm,Winter storm/Blizzard
15-Nov-89,Northern America,Storm,Convective storm,Tornado
13-Mar-90,Northern America,Storm,Convective storm,Severe storm
1-May-90,Northern America,Storm,Convective storm,Severe storm
14-May-90,Northern America,Storm,Convective storm,Severe storm
18-May-90,Northern America,Storm,Convective storm,Severe storm
6-Jun-90,Northern America,Storm,Convective storm,Severe storm
5-Apr-90,Northern America,Storm,Convective storm,Severe storm
16-Apr-90,Northern America,Storm,Convective storm,Severe storm
24-Apr-90,Northern America,Storm,Convective storm,Severe storm
1-Jun-90,Northern America,Storm,Convective storm,Severe storm
14-Jun-90,Northern America,Storm,Convective storm,Severe storm
11-Jul-90,Northern America,Storm,Convective storm,Severe storm
28-Aug-90,Northern America,Storm,Convective storm,Severe storm
18-Oct-90,Northern America,Storm,Convective storm,Severe storm
27-Nov-90,Northern America,Storm,Convective storm,Severe storm
20-Mar-90,Southern Africa,Storm,Convective storm,Tornado
27-Feb-91,Northern America,Storm,Convective storm,Severe storm
18-Feb-91,Northern America,Storm,Convective storm,Severe storm
1-Mar-91,Northern America,Storm,Convective storm,Severe storm
1-Aug-91,Russian Federation,Storm,Convective storm,Tornado
26-Apr-91,Northern America,Storm,Convective storm,Tornado
24-Jun-91,Northern America,Storm,Convective storm,Hail
30-May-91,Northern America,Storm,Convective storm,Tornado
17-Jun-91,Northern America,Storm,Convective storm,Tornado
21-Jun-91,Northern America,Storm,Convective storm,Tornado
7-Jul-91,Northern America,Storm,Convective storm,Tornado
2-Oct-91,Northern America,Storm,Convective storm,Tornado
16-Nov-91,Northern America,Storm,Convective storm,Tornado
30-Nov-91,Northern America,Storm,Convective storm,Sand/Dust storm
11-Mar-91,Northern America,Storm,Convective storm,Severe storm
10-Apr-92,Northern America,Storm,Convective storm,Hail
19-Apr-92,Northern America,Storm,Convective storm,Hail
3-Mar-92,Northern America,Storm,Convective storm,Severe storm
8-Mar-92,Northern America,Storm,Convective storm,Severe storm
24-Mar-92,Northern America,Storm,Convective storm,Severe storm
28-Apr-92,Northern America,Storm,Convective storm,Severe storm
10-May-92,Northern America,Storm,Convective storm,Severe storm
22-May-92,Northern America,Storm,Convective storm,Severe storm
14-Jun-92,Northern America,Storm,Convective storm,Severe storm
19-Jun-92,Northern America,Storm,Convective storm,Severe storm
24-Jun-92,Northern America,Storm,Convective storm,Severe storm
2-Jul-92,Northern America,Storm,Convective storm,Severe storm
5-Jul-92,Northern America,Storm,Convective storm,Severe storm
6-Jul-92,Northern America,Storm,Convective storm,Severe storm
5-Sep-92,Northern America,Storm,Convective storm,Severe storm
3-Oct-92,Northern America,Storm,Convective storm,Severe storm
15-Oct-92,Northern America,Storm,Convective storm,Severe storm
12-Nov-92,Northern America,Storm,Convective storm,Severe storm
21-Nov-92,Northern America,Storm,Convective storm,Severe storm
1-Dec-92,Northern America,Storm,Convective storm,Severe storm
25-Mar-93,Northern America,Storm,Convective storm,Hail
28-Mar-93,Northern America,Storm,Convective storm,Hail
28-Jul-93,Northern America,Storm,Convective storm,Hail
24-Apr-93,Northern America,Storm,Convective storm,Tornado
21-Feb-93,Northern America,Storm,Convective storm,Tornado
5-Apr-93,Northern America,Storm,Convective storm,Tornado
7-Jun-93,Northern America,Storm,Convective storm,Tornado
21-Sep-93,Northern America,Storm,Convective storm,Tornado
12-Oct-93,Northern America,Storm,Convective storm,Tornado
19-Apr-93,Northern America,Storm,Convective storm,Severe storm
1-May-93,Northern America,Storm,Convective storm,Severe storm
2-Jun-93,Northern America,Storm,Convective storm,Severe storm
16-Mar-93,South-Eastern Asia,Storm,Convective storm,Hail
14-Jan-94,Northern America,Storm,Convective storm,Winter storm/Blizzard
26-Mar-94,Northern America,Storm,Convective storm,Tornado
1-Nov-94,Australia and New Zealand,Storm,Convective storm,Lightning/Thunderstorms
25-May-94,Australia and New Zealand,Storm,Convective storm,Severe storm
15-May-94,South America,Storm,Convective storm,Tornado
15-May-94,South America,Storm,Convective storm,Tornado
1-Aug-94,Northern America,Storm,Convective storm,Hail
5-Aug-94,Northern America,Storm,Convective storm,Tornado
19-Apr-95,Eastern Asia,Storm,Convective storm,Hail
1-Apr-95,Australia and New Zealand,Storm,Convective storm,Tornado
12-Apr-95,Southern Asia,Storm,Convective storm,Tornado
12-Apr-95,Southern Asia,Storm,Convective storm,Severe storm
16-Feb-95,Eastern Asia,Storm,Convective storm,Hail
2-Mar-95,Eastern Asia,Storm,Convective storm,Winter storm/Blizzard
1-Dec-96,Australia and New Zealand,Storm,Convective storm,Lightning/Thunderstorms
1-Jan-96,Eastern Asia,Storm,Convective storm,Winter storm/Blizzard
7-Jun-97,Eastern Asia,Storm,Convective storm,Lightning/Thunderstorms
12-Oct-97,Southern Asia,Storm,Convective storm,Tornado
4-Apr-97,Northern America,Storm,Convective storm,Winter storm/Blizzard
20-Jun-97,South America,Storm,Convective storm,Winter storm/Blizzard
4-Jun-97,South America,Storm,Convective storm,Severe storm
9-May-97,Eastern Asia,Storm,Convective storm,Tornado
18-Apr-98,Eastern Asia,Storm,Convective storm,Sand/Dust storm
16-Jan-98,Eastern Asia,Storm,Convective storm,Winter storm/Blizzard
3-Jul-94,Western Europe,Storm,Convective storm,Lightning/Thunderstorms
7-Jun-94,Southern Asia,Storm,Convective storm,Tornado
24-Aug-94,Southern Europe,Storm,Convective storm,Tornado
12-Feb-94,Eastern Asia,Storm,Convective storm,Winter storm/Blizzard
11-Nov-94,Eastern Europe,Storm,Convective storm,Severe storm
15-Dec-95,Northern Europe,Storm,Convective storm,Winter storm/Blizzard
21-Jul-95,Western Europe,Storm,Convective storm,Hail
7-Oct-95,Caribbean,Storm,Convective storm,Tornado
2-May-97,Northern Africa,Storm,Convective storm,Sand/Dust storm
21-Oct-97,Southern Asia,Storm,Convective storm,Hail
27-Jun-97,Southern Asia,Storm,Convective storm,Lightning/Thunderstorms
24-Mar-98,Southern Asia,Storm,Convective storm,Tornado
16-Jan-98,Eastern Asia,Storm,Convective storm,Winter storm/Blizzard
26-May-94,Eastern Europe,Storm,Convective storm,Hail
26-Mar-94,Eastern Europe,Storm,Convective storm,Winter storm/Blizzard
7-Oct-94,Northern America,Storm,Convective storm,Hail
10-Feb-94,Northern America,Storm,Convective storm,Winter storm/Blizzard
15-Apr-94,Northern America,Storm,Convective storm,Severe storm
1-Apr-94,Southern Africa,Storm,Convective storm,Tornado
22-May-95,Northern America,Storm,Convective storm,Tornado
29-Jun-95,Eastern Europe,Storm,Convective storm,Lightning/Thunderstorms
8-Nov-95,Eastern Europe,Storm,Convective storm,Winter storm/Blizzard
16-May-95,Northern America,Storm,Convective storm,Tornado
25-Nov-96,Northern America,Storm,Convective storm,Tornado
19-Apr-96,Northern America,Storm,Convective storm,Tornado
6-Jan-96,Northern America,Storm,Convective storm,Winter storm/Blizzard
12-Jan-96,Northern America,Storm,Convective storm,Winter storm/Blizzard
31-Jan-96,Northern America,Storm,Convective storm,Winter storm/Blizzard
5-Mar-96,Northern America,Storm,Convective storm,Severe storm
27-Apr-96,Northern America,Storm,Convective storm,Severe storm
20-May-97,Northern America,Storm,Convective storm,Hail
28-Feb-97,Northern America,Storm,Convective storm,Tornado
1-Jul-97,Northern America,Storm,Convective storm,Lightning/Thunderstorms
11-Aug-97,Northern America,Storm,Convective storm,Lightning/Thunderstorms
24-Jan-97,Northern America,Storm,Convective storm,Tornado
23-Mar-97,Northern America,Storm,Convective storm,Tornado
10-Apr-97,Northern America,Storm,Convective storm,Tornado
21-Apr-97,Northern America,Storm,Convective storm,Tornado
30-Apr-97,Northern America,Storm,Convective storm,Tornado
17-May-97,Northern America,Storm,Convective storm,Tornado
20-Jun-97,Northern America,Storm,Convective storm,Tornado
15-Aug-97,Northern America,Storm,Convective storm,Tornado
1-Nov-97,Northern America,Storm,Convective storm,Tornado
4-Jan-97,Northern America,Storm,Convective storm,Winter storm/Blizzard
4-Apr-97,Northern America,Storm,Convective storm,Winter storm/Blizzard
5-Dec-97,Northern America,Storm,Convective storm,Severe storm
22-Feb-98,Northern America,Storm,Convective storm,Tornado
10-Feb-98,Northern America,Storm,Convective storm,Hail
27-Mar-98,Northern America,Storm,Convective storm,Hail
8-Apr-98,Northern America,Storm,Convective storm,Hail
15-May-98,Northern America,Storm,Convective storm,Hail
30-May-98,Northern America,Storm,Convective storm,Hail
4-Oct-98,Northern America,Storm,Convective storm,Tornado
21-Jul-98,Northern America,Storm,Convective storm,Lightning/Thunderstorms
5-Mar-98,Northern America,Storm,Convective storm,Tornado
8-May-98,South-Eastern Asia,Storm,Convective storm,Tornado
14-Apr-99,Australia and New Zealand,Storm,Convective storm,Hail
1-Mar-99,Eastern Africa,Storm,Convective storm,Hail
14-Aug-99,Western Europe,Storm,Convective storm,Tornado
30-Apr-99,Southern Asia,Storm,Convective storm,Hail
26-Mar-99,Southern Asia,Storm,Convective storm,Tornado
16-May-99,Eastern Europe,Storm,Convective storm,Tornado
6-Jul-99,Northern America,Storm,Convective storm,Tornado
23-Apr-99,Eastern Asia,Storm,Convective storm,Hail
23-Apr-99,Eastern Asia,Storm,Convective storm,Tornado
15-May-99,Eastern Asia,Storm,Convective storm,Tornado
27-Dec-00,South America,Storm,Convective storm,Lightning/Thunderstorms
1-Sep-00,South America,Storm,Convective storm,Winter storm/Blizzard
5-Mar-00,Southern Asia,Storm,Convective storm,Tornado
25-Jun-00,Southern Asia,Storm,Convective storm,Tornado
14-Jul-00,Northern America,Storm,Convective storm,Tornado
13-Jul-00,Eastern Asia,Storm,Convective storm,Tornado
1-Jan-01,Eastern Asia,Storm,Convective storm,Winter storm/Blizzard
1-Feb-99,Eastern Europe,Storm,Convective storm,Winter storm/Blizzard
16-Oct-99,Western Africa,Storm,Convective storm,Tornado
24-May-00,Eastern Asia,Storm,Convective storm,Hail
28-Oct-00,Northern Europe,Storm,Convective storm,Severe storm
19-Sep-00,Western Europe,Storm,Convective storm,Tornado
11-Jun-00,Western Africa,Storm,Convective storm,Tornado
26-Nov-00,Eastern Europe,Storm,Convective storm,Winter storm/Blizzard
21-Sep-00,Central America,Storm,Convective storm,Severe storm
1-Dec-00,Eastern Asia,Storm,Convective storm,Winter storm/Blizzard
9-Oct-00,Central America,Storm,Convective storm,Tornado
9-Nov-98,Northern America,Storm,Convective storm,Winter storm/Blizzard
15-Dec-98,Southern Africa,Storm,Convective storm,Tornado
2-Apr-99,Northern America,Storm,Convective storm,Tornado
13-Apr-99,Northern America,Storm,Convective storm,Lightning/Thunderstorms
8-Apr-99,Northern America,Storm,Convective storm,Hail
16-May-99,Northern America,Storm,Convective storm,Lightning/Thunderstorms
1-Jan-99,Northern America,Storm,Convective storm,Winter storm/Blizzard
21-Aug-99,Western Africa,Storm,Convective storm,Tornado
1-Aug-99,Western Africa,Storm,Convective storm,Tornado
21-Jan-99,Northern America,Storm,Convective storm,Tornado
15-Apr-99,Northern America,Storm,Convective storm,Tornado
3-May-99,Northern America,Storm,Convective storm,Tornado
11-Aug-99,Northern America,Storm,Convective storm,Tornado
5-May-99,Northern America,Storm,Convective storm,Tornado
24-Nov-99,Central Asia,Landslide,Avalanche,Winter storm/Blizzard
6-Jun-99,South-Eastern Asia,Storm,Convective storm,Tornado
29-Aug-99,Southern Africa,Storm,Convective storm,Tornado
2-Feb-00,Southern Africa,Storm,Convective storm,Tornado
24-Dec-00,Northern America,Storm,Convective storm,Winter storm/Blizzard
10-Jul-00,South-Eastern Asia,Landslide,Subsidence,Sudden subsidence
1-Jan-00,Eastern Europe,Storm,Convective storm,Winter storm/Blizzard
2-Jan-00,Northern America,Storm,Convective storm,Tornado
13-Feb-00,Northern America,Storm,Convective storm,Tornado
28-Mar-00,Northern America,Storm,Convective storm,Tornado
26-May-00,Northern America,Storm,Convective storm,Tornado
25-Jul-00,Northern America,Storm,Convective storm,Tornado
20-Sep-00,Northern America,Storm,Convective storm,Tornado
20-Nov-00,Northern America,Storm,Convective storm,Winter storm/Blizzard
23-May-00,Northern America,Storm,Convective storm,Severe storm
24-Aug-00,South-Eastern Asia,Storm,Convective storm,Tornado
26-Apr-01,Australia and New Zealand,Storm,Convective storm,Severe storm
5-Oct-01,Southern Asia,Storm,Convective storm,Tornado
29-Sep-01,South America,Storm,Convective storm,Lightning/Thunderstorms
25-Mar-01,Eastern Asia,Storm,Convective storm,Lightning/Thunderstorms
8-Jan-02,Southern Europe,Storm,Convective storm,Winter storm/Blizzard
19-Sep-02,Australia and New Zealand,Storm,Convective storm,Severe storm
1-Jun-02,South America,Storm,Convective storm,Winter storm/Blizzard
19-Jul-02,Eastern Asia,Storm,Convective storm,Hail
1-Jun-01,South America,Storm,Convective storm,Tornado
6-Jul-01,Western Europe,Storm,Convective storm,Lightning/Thunderstorms
6-Jul-01,Western Europe,Storm,Convective storm,Tornado
20-Oct-01,Western Europe,Storm,Convective storm,Tornado
24-May-01,Southern Asia,Storm,Convective storm,Lightning/Thunderstorms
6-Jul-01,Southern Europe,Storm,Convective storm,Lightning/Thunderstorms
7-Apr-01,Eastern Asia,Storm,Convective storm,Winter storm/Blizzard
25-Dec-02,Eastern Asia,Storm,Convective storm,Tornado
14-Mar-02,Eastern Asia,Storm,Convective storm,Sand/Dust storm
27-Oct-02,Northern Europe,Storm,Convective storm,Severe storm
11-Apr-02,Southern Asia,Storm,Convective storm,Hail
27-Apr-02,Southern Asia,Storm,Convective storm,Lightning/Thunderstorms
27-Jan-03,Western Asia,Storm,Convective storm,Tornado
1-Feb-03,Eastern Europe,Storm,Convective storm,Winter storm/Blizzard
10-Apr-01,Northern America,Storm,Convective storm,Tornado
22-Feb-01,Northern America,Storm,Convective storm,Winter storm/Blizzard
28-Mar-01,Southern Asia,Storm,Convective storm,Tornado
15-May-01,Eastern Europe,Storm,Convective storm,Winter storm/Blizzard
3-Mar-01,Eastern Europe,Storm,Convective storm,Winter storm/Blizzard
21-Feb-01,Western Asia,Storm,Convective storm,Sand/Dust storm
24-Feb-01,Northern America,Storm,Convective storm,Tornado
29-Mar-01,Northern America,Storm,Convective storm,Tornado
21-Apr-01,Northern America,Storm,Convective storm,Tornado
14-Jun-01,Northern America,Storm,Convective storm,Tornado
18-Jun-01,Northern America,Storm,Convective storm,Tornado
13-Jun-01,Northern America,Storm,Convective storm,Tornado
10-Oct-01,Northern America,Storm,Convective storm,Tornado
24-Sep-01,Northern America,Storm,Convective storm,Tornado
11-Oct-01,Northern America,Storm,Convective storm,Tornado
12-Oct-01,Northern America,Storm,Convective storm,Tornado
17-Aug-01,Northern America,Storm,Convective storm,Tornado
14-Sep-01,Southern Africa,Storm,Convective storm,Tornado
12-Jan-02,South-Eastern Asia,Storm,Convective storm,Hail
1-Jan-02,Northern America,Storm,Convective storm,Winter storm/Blizzard
1-Mar-02,Northern America,Storm,Convective storm,Winter storm/Blizzard
30-Mar-02,South-Eastern Asia,Storm,Convective storm,Lightning/Thunderstorms
27-May-02,Southern Asia,Storm,Convective storm,Severe storm
1-Jul-02,South America,Storm,Convective storm,Winter storm/Blizzard
31-Jul-02,South America,Storm,Convective storm,Hail
27-Sep-02,Northern Africa,Storm,Convective storm,Lightning/Thunderstorms
27-Oct-02,Northern Europe,Storm,Convective storm,Severe storm
23-Apr-02,South-Eastern Asia,Storm,Convective storm,Hail
5-May-02,Northern America,Storm,Convective storm,Tornado
21-Apr-02,Northern America,Storm,Convective storm,Tornado
27-Apr-02,Northern America,Storm,Convective storm,Tornado
5-Sep-02,Northern America,Storm,Convective storm,Tornado
5-Nov-02,Northern America,Storm,Convective storm,Tornado
4-Dec-02,Northern America,Storm,Convective storm,Winter storm/Blizzard
23-Dec-02,Northern America,Storm,Convective storm,Winter storm/Blizzard
1-Oct-02,South-Eastern Asia,Storm,Convective storm,Lightning/Thunderstorms
9-Sep-02,Southern Africa,Storm,Convective storm,Tornado
15-Jul-02,Southern Africa,Storm,Convective storm,Winter storm/Blizzard
11-Apr-02,Southern Africa,Storm,Convective storm,Severe storm
11-Nov-03,South America,Storm,Convective storm,Lightning/Thunderstorms
24-Oct-03,Australia and New Zealand,Storm,Convective storm,Hail
3-Dec-03,Australia and New Zealand,Storm,Convective storm,Lightning/Thunderstorms
14-Feb-03,Northern America,Storm,Convective storm,Winter storm/Blizzard
9-Dec-03,Australia and New Zealand,Storm,Convective storm,Hail
18-May-03,Australia and New Zealand,Storm,Convective storm,Tornado
14-Apr-04,Southern Asia,Storm,Convective storm,Tornado
23-Jan-05,Southern Europe,Storm,Convective storm,Winter storm/Blizzard
14-Apr-03,Eastern Asia,Storm,Convective storm,Hail
19-Jul-03,Eastern Asia,Storm,Convective storm,Tornado
7-Jun-03,Western Europe,Storm,Convective storm,Lightning/Thunderstorms
12-Mar-03,Southern Asia,Storm,Convective storm,Hail
3-Feb-04,South-Eastern Asia,Storm,Convective storm,Severe storm
13-Nov-04,Southern Europe,Storm,Convective storm,Severe storm
21-Apr-04,Eastern Asia,Storm,Convective storm,Hail
20-Jun-04,Eastern Asia,Storm,Convective storm,Hail
1-Jan-04,Northern America,Storm,Convective storm,Winter storm/Blizzard
13-May-04,Southern Asia,Storm,Convective storm,Tornado
19-Feb-04,Northern America,Storm,Convective storm,Winter storm/Blizzard
8-May-04,Eastern Asia,Storm,Convective storm,Tornado
5-Mar-04,Eastern Asia,Storm,Convective storm,Winter storm/Blizzard
20-Mar-05,Southern Asia,Storm,Convective storm,Tornado
1-Jan-05,Eastern Europe,Storm,Convective storm,Winter storm/Blizzard
1-Feb-05,Southern Europe,Storm,Convective storm,Winter storm/Blizzard
1-Feb-05,Eastern Europe,Storm,Convective storm,Winter storm/Blizzard
1-Feb-05,Southern Europe,Storm,Convective storm,Winter storm/Blizzard
1-Jan-05,Eastern Europe,Storm,Convective storm,Winter storm/Blizzard
3-Jan-05,South America,Storm,Convective storm,Tornado
18-Mar-03,Northern America,Storm,Convective storm,Tornado
20-Mar-03,Northern America,Storm,Convective storm,Winter storm/Blizzard
6-Dec-03,Northern America,Storm,Convective storm,Winter storm/Blizzard
11-Apr-03,South-Eastern Asia,Storm,Convective storm,Hail
4-May-03,Northern America,Storm,Convective storm,Tornado
8-Aug-03,Northern America,Storm,Convective storm,Tornado
30-May-03,Northern America,Storm,Convective storm,Tornado
9-Oct-03,Middle Africa,Storm,Convective storm,Lightning/Thunderstorms
29-May-04,Northern America,Storm,Convective storm,Lightning/Thunderstorms
22-Feb-04,Western Asia,Storm,Convective storm,Winter storm/Blizzard
21-May-04,Northern America,Storm,Convective storm,Hail
15-Jan-04,Northern America,Storm,Convective storm,Winter storm/Blizzard
4-Mar-04,Northern America,Storm,Convective storm,Tornado
10-Jul-04,Eastern Europe,Storm,Convective storm,Hail
9-Jun-04,Eastern Europe,Storm,Convective storm,Hail
20-Mar-04,Northern America,Storm,Convective storm,Hail
21-Nov-04,Western Asia,Storm,Convective storm,Winter storm/Blizzard
28-Jun-04,Northern America,Storm,Convective storm,Lightning/Thunderstorms
10-Jun-04,South-Eastern Asia,Storm,Convective storm,Tornado
19-Jun-04,Western Asia,Storm,Convective storm,Tornado
8-Sep-04,Northern America,Storm,Convective storm,Tornado
1-Jan-05,Southern Europe,Storm,Convective storm,Winter storm/Blizzard
1-Feb-05,Eastern Europe,Storm,Convective storm,Winter storm/Blizzard
1-Jan-05,Eastern Europe,Storm,Convective storm,Winter storm/Blizzard
1-Feb-05,Eastern Europe,Storm,Convective storm,Winter storm/Blizzard
1-Jan-05,Southern Europe,Storm,Convective storm,Winter storm/Blizzard
22-Jan-05,Northern America,Storm,Convective storm,Winter storm/Blizzard
6-Apr-05,Northern America,Storm,Convective storm,Lightning/Thunderstorms
1-Jan-05,Western Asia,Storm,Convective storm,Winter storm/Blizzard
10-Mar-05,Australia and New Zealand,Storm,Convective storm,Tornado
1-Feb-06,Southern Asia,Storm,Convective storm,Winter storm/Blizzard
10-Jun-05,Eastern Asia,Storm,Convective storm,Hail
31-May-05,Eastern Asia,Storm,Convective storm,Hail
18-May-05,South America,Storm,Convective storm,Winter storm/Blizzard
30-Jul-05,Eastern Asia,Storm,Convective storm,Tornado
26-Apr-06,Eastern Asia,Storm,Convective storm,Hail
28-Jun-06,Western Europe,Storm,Convective storm,Hail
2-May-06,Southern Asia,Storm,Convective storm,Lightning/Thunderstorms
6-Jan-06,Eastern Asia,Storm,Convective storm,Winter storm/Blizzard
23-Oct-06,Western Europe,Storm,Convective storm,Tornado
4-Mar-06,Southern Asia,Storm,Convective storm,Tornado
14-Feb-07,Northern America,Storm,Convective storm,Winter storm/Blizzard
23-Jan-07,Western Europe,Storm,Convective storm,Winter storm/Blizzard
23-Jan-07,Western Europe,Storm,Convective storm,Winter storm/Blizzard
23-Jan-07,Southern Europe,Storm,Convective storm,Winter storm/Blizzard
23-Jan-07,Western Europe,Storm,Convective storm,Winter storm/Blizzard
18-Aug-05,Northern America,Storm,Convective storm,Tornado
8-Dec-05,Northern America,Storm,Convective storm,Winter storm/Blizzard
2-Apr-06,Northern America,Storm,Convective storm,Hail
6-Apr-06,Northern America,Storm,Convective storm,Hail
1-May-06,Northern America,Storm,Convective storm,Lightning/Thunderstorms
20-Nov-06,South-Eastern Asia,Storm,Convective storm,Hail
11-Mar-06,Northern America,Storm,Convective storm,Tornado
15-Nov-06,Northern America,Storm,Convective storm,Tornado
12-Oct-06,Northern America,Storm,Convective storm,Winter storm/Blizzard
8-Mar-06,Middle Africa,Storm,Convective storm,Tornado
1-Nov-06,Eastern Asia,Storm,Convective storm,Tornado
25-Dec-06,Northern America,Storm,Convective storm,Tornado
21-Dec-06,Northern America,Storm,Convective storm,Winter storm/Blizzard
27-Dec-06,Northern America,Storm,Convective storm,Winter storm/Blizzard
14-Feb-07,Northern America,Storm,Convective storm,Winter storm/Blizzard
19-Jan-07,Eastern Europe,Storm,Convective storm,Winter storm/Blizzard
2-Feb-07,Northern America,Storm,Convective storm,Tornado
1-Mar-07,Northern America,Storm,Convective storm,Tornado
5-Jul-07,Eastern Asia,Storm,Convective storm,Tornado
18-Aug-07,Eastern Asia,Storm,Convective storm,Tornado
15-Nov-08,Australia and New Zealand,Storm,Convective storm,Lightning/Thunderstorms
10-Jun-08,Western Europe,Storm,Convective storm,Lightning/Thunderstorms
8-Nov-08,South America,Storm,Convective storm,Severe storm
29-May-08,Western Europe,Storm,Convective storm,Severe storm
17-Apr-08,Eastern Asia,Storm,Convective storm,Sand/Dust storm
10-Mar-08,Western Europe,Storm,Convective storm,Severe storm
10-Mar-08,Northern Europe,Storm,Convective storm,Severe storm
14-May-08,Southern Asia,Storm,Convective storm,Sand/Dust storm
3-Jun-08,Eastern Asia,Storm,Convective storm,Hail
3-Aug-08,Western Europe,Storm,Convective storm,Tornado
2-Jun-08,Western Africa,Storm,Convective storm,Severe storm
14-Jun-09,Eastern Asia,Storm,Convective storm,Hail
3-Jun-09,Eastern Asia,Storm,Convective storm,Severe storm
31-Mar-09,Southern Asia,Storm,Convective storm,Tornado
19-May-09,Australia and New Zealand,Storm,Convective storm,Severe storm
5-Apr-09,Middle Africa,Storm,Convective storm,Severe storm
1-May-09,Western Africa,Storm,Convective storm,Severe storm
1-Jan-09,Southern Europe,Extreme temperature,Severe winter conditions,Snow/Ice
23-Mar-09,Middle Africa,Storm,Convective storm,Severe storm
14-Jan-09,Western Europe,Extreme temperature,Severe winter conditions,Snow/Ice
4-May-07,Northern America,Storm,Convective storm,Tornado
24-Apr-07,Northern America,Storm,Convective storm,Tornado
21-Mar-07,Western Africa,Storm,Convective storm,Severe storm
22-May-08,Northern America,Storm,Convective storm,Tornado
10-May-08,Northern America,Storm,Convective storm,Tornado
1-Jan-08,Southern Africa,Storm,Convective storm,Tornado
5-Feb-08,Northern America,Storm,Convective storm,Tornado
14-Mar-08,Northern America,Storm,Convective storm,Tornado
1-Jan-08,Southern Asia,Storm,Convective storm,Winter storm/Blizzard
7-Aug-08,South America,Storm,Convective storm,Hail
26-May-08,Eastern Asia,Storm,Convective storm,Winter storm/Blizzard
3-Aug-08,Northern Europe,Storm,Convective storm,Lightning/Thunderstorms
29-Jan-08,Northern America,Storm,Convective storm,Tornado
9-Apr-08,Northern America,Storm,Convective storm,Tornado
28-Apr-08,Northern America,Storm,Convective storm,Tornado
11-Dec-08,Northern America,Storm,Convective storm,Winter storm/Blizzard
11-Dec-08,Northern America,Extreme temperature,Severe winter conditions,Snow/Ice
14-Nov-08,Southern Africa,Storm,Convective storm,Hail
9-Apr-09,Northern America,Storm,Convective storm,Tornado
15-May-09,South-Eastern Asia,Storm,Convective storm,Tornado
3-Jan-09,Southern Africa,Storm,Convective storm,Lightning/Thunderstorms
1-Jan-08,Middle Africa,Storm,Convective storm,Severe storm
2-Aug-09,Eastern Asia,Storm,Convective storm,Severe storm
23-Jul-09,Western Europe,Storm,Convective storm,Lightning/Thunderstorms
9-Sep-09,South America,Storm,Convective storm,Severe storm
23-Jul-09,Western Europe,Storm,Convective storm,Lightning/Thunderstorms
11-May-09,Southern Asia,Storm,Convective storm,Severe storm
5-Dec-09,Southern Africa,Storm,Convective storm,Hail
13-Nov-09,Northern Europe,Storm,Convective storm,Severe storm
7-Jun-09,Southern Asia,Storm,Convective storm,Severe storm
15-Jan-09,Southern Europe,Extreme temperature,Severe winter conditions,Snow/Ice
9-Sep-09,South America,Storm,Convective storm,Severe storm
1-Aug-09,Northern America,Storm,Convective storm,Severe storm
4-Aug-09,Eastern Asia,Storm,Convective storm,Lightning/Thunderstorms
9-Nov-09,Eastern Asia,Storm,Convective storm,Winter storm/Blizzard
11-Nov-09,Eastern Asia,Storm,Convective storm,Winter storm/Blizzard
23-Jul-09,Eastern Europe,Storm,Convective storm,Lightning/Thunderstorms
23-Jul-09,Western Europe,Storm,Convective storm,Lightning/Thunderstorms
2-Jul-09,Western Africa,Storm,Convective storm,Severe storm
28-Jun-09,Southern Asia,Storm,Convective storm,Lightning/Thunderstorms
6-May-10,Eastern Asia,Storm,Convective storm,Tornado
1-Jan-10,Eastern Asia,Storm,Convective storm,Winter storm/Blizzard
6-Mar-10,Australia and New Zealand,Storm,Convective storm,Lightning/Thunderstorms
22-Mar-10,Australia and New Zealand,Storm,Convective storm,Severe storm
1-May-10,Southern Asia,Storm,Convective storm,Lightning/Thunderstorms
24-May-10,Southern Asia,Storm,Convective storm,Severe storm
8-Oct-10,Eastern Africa,Storm,Convective storm,Lightning/Thunderstorms
23-Dec-10,Western Europe,Storm,Convective storm,Winter storm/Blizzard
26-Dec-10,Northern America,Storm,Convective storm,Winter storm/Blizzard
23-Dec-10,Western Europe,Storm,Convective storm,Winter storm/Blizzard
23-Dec-10,Northern Europe,Storm,Convective storm,Winter storm/Blizzard
23-Dec-10,Western Europe,Storm,Convective storm,Winter storm/Blizzard
17-Apr-10,Middle Africa,Storm,Convective storm,Tornado
10-Apr-10,Southern Asia,Storm,Convective storm,Hail
25-Aug-10,Southern Asia,Storm,Convective storm,Lightning/Thunderstorms
11-Jun-11,Middle Africa,Storm,Convective storm,Severe storm
16-Feb-11,Eastern Africa,Storm,Convective storm,Lightning/Thunderstorms
18-Aug-11,Western Europe,Storm,Convective storm,Lightning/Thunderstorms
21-Aug-11,Northern America,Storm,Convective storm,Tornado
17-Apr-11,Eastern Asia,Storm,Convective storm,Hail
20-May-11,Southern Asia,Storm,Convective storm,Lightning/Thunderstorms
10-Jun-09,Northern America,Storm,Convective storm,Tornado
16-Apr-09,Northern America,Storm,Convective storm,Severe storm
26-Mar-09,Northern America,Storm,Convective storm,Lightning/Thunderstorms
20-Jul-09,Northern America,Storm,Convective storm,Severe storm
10-Feb-09,Northern America,Storm,Convective storm,Tornado
23-Jul-09,Eastern Europe,Storm,Convective storm,Lightning/Thunderstorms
8-Sep-09,South America,Storm,Convective storm,Severe storm
7-May-09,Northern America,Storm,Convective storm,Tornado
23-Dec-09,Northern America,Storm,Convective storm,Winter storm/Blizzard
10-May-10,Northern America,Storm,Convective storm,Severe storm
12-May-10,Northern America,Storm,Convective storm,Tornado
17-Jun-10,Northern America,Storm,Convective storm,Lightning/Thunderstorms
30-Apr-10,Northern America,Storm,Convective storm,Severe storm
24-Apr-10,Northern America,Storm,Convective storm,Tornado
31-Dec-10,Northern America,Storm,Convective storm,Tornado
5-Feb-10,Northern America,Storm,Convective storm,Winter storm/Blizzard
23-Feb-10,Northern America,Storm,Convective storm,Winter storm/Blizzard
26-Dec-10,Northern America,Storm,Convective storm,Winter storm/Blizzard
29-May-11,Northern America,Storm,Convective storm,Tornado
31-Jan-11,Northern America,Storm,Convective storm,Winter storm/Blizzard
22-Apr-11,Northern America,Storm,Convective storm,Tornado
22-Jun-11,South-Eastern Asia,Storm,Convective storm,Lightning/Thunderstorms
29-Jul-11,Western Africa,Storm,Convective storm,Lightning/Thunderstorms
31-Jul-11,Eastern Europe,Storm,Convective storm,Tornado
28-Jun-11,Eastern Africa,Storm,Convective storm,Lightning/Thunderstorms
14-Apr-11,Northern America,Storm,Convective storm,Tornado
20-May-11,Northern America,Storm,Convective storm,Tornado
24-May-11,Northern America,Storm,Convective storm,Tornado
19-Nov-09,Southern Africa,Storm,Convective storm,Severe storm
15-Dec-10,Southern Africa,Storm,Convective storm,Lightning/Thunderstorms
4-Apr-11,Southern Asia,Storm,Convective storm,Severe storm
10-Feb-11,Southern Asia,Storm,Convective storm,Winter storm/Blizzard
15-Apr-11,Southern Asia,Storm,Convective storm,Lightning/Thunderstorms
19-Jul-12,Western Asia,Storm,Convective storm,Lightning/Thunderstorms
6-Apr-12,Southern Asia,Storm,Convective storm,Severe storm
29-Oct-12,South America,Storm,Convective storm,Severe storm
1-May-12,Middle Africa,Storm,Convective storm,Severe storm
24-Dec-12,Northern America,Storm,Convective storm,Winter storm/Blizzard
12-Aug-12,Northern America,Storm,Convective storm,Severe storm
5-Apr-12,Eastern Asia,Storm,Convective storm,Lightning/Thunderstorms
20-Apr-12,Eastern Asia,Storm,Convective storm,Lightning/Thunderstorms
25-Feb-12,South-Eastern Asia,Storm,Convective storm,Tornado
18-Mar-13,Eastern Asia,Storm,Convective storm,Lightning/Thunderstorms
23-Jun-13,Eastern Asia,Storm,Convective storm,Lightning/Thunderstorms
12-May-13,Western Asia,Storm,Convective storm,Severe storm
20-Jun-13,Western Europe,Storm,Convective storm,Lightning/Thunderstorms
29-Mar-13,Eastern Asia,Storm,Convective storm,Lightning/Thunderstorms
4-Mar-13,Middle Africa,Storm,Convective storm,Severe storm
8-Jul-13,Northern America,Storm,Convective storm,Lightning/Thunderstorms
3-Dec-13,South America,Storm,Convective storm,Lightning/Thunderstorms
29-Mar-13,Southern Asia,Storm,Convective storm,Tornado
22-Mar-13,Southern Asia,Storm,Convective storm,Severe storm
21-Dec-13,Northern America,Extreme temperature,Severe winter conditions,Snow/Ice
28-Apr-13,Eastern Asia,Storm,Convective storm,Lightning/Thunderstorms
18-Feb-13,Eastern Asia,Storm,Convective storm,Winter storm/Blizzard
27-Jul-13,Western Europe,Storm,Convective storm,Hail
24-Mar-13,Western Asia,Storm,Convective storm,Severe storm
15-Mar-13,Eastern Europe,Storm,Convective storm,Winter storm/Blizzard
5-Oct-13,Southern Asia,Storm,Convective storm,Lightning/Thunderstorms
29-Mar-13,Southern Asia,Storm,Convective storm,Tornado
24-Nov-11,Southern Asia,Storm,Convective storm,Severe storm
26-Nov-11,Northern Europe,Storm,Convective storm,Severe storm
11-Jan-11,South America,Storm,Convective storm,Winter storm/Blizzard
8-Aug-11,South America,Storm,Convective storm,Hail
3-Aug-11,Northern Africa,Storm,Convective storm,Severe storm
18-Sep-12,South America,Storm,Convective storm,Severe storm
13-Feb-12,Western Africa,Storm,Convective storm,Lightning/Thunderstorms
1-Jan-12,Eastern Asia,Storm,Convective storm,Winter storm/Blizzard
6-May-12,Eastern Asia,Storm,Convective storm,Lightning/Thunderstorms
3-Apr-12,Eastern Asia,Storm,Convective storm,Severe storm
6-Dec-12,Australia and New Zealand,Storm,Convective storm,Tornado
14-Jul-12,Eastern Europe,Storm,Convective storm,Tornado
30-Jun-12,Northern America,Storm,Convective storm,Lightning/Thunderstorms
25-May-12,Northern America,Storm,Convective storm,Lightning/Thunderstorms
6-Jun-12,Northern America,Storm,Convective storm,Lightning/Thunderstorms
11-Jun-12,Northern America,Storm,Convective storm,Lightning/Thunderstorms
2-Jul-12,Northern America,Storm,Convective storm,Lightning/Thunderstorms
7-Sep-12,Northern America,Storm,Convective storm,Lightning/Thunderstorms
22-Jan-12,Northern America,Storm,Convective storm,Tornado
2-Aug-13,Northern America,Storm,Convective storm,Lightning/Thunderstorms
18-Jan-13,Southern Europe,Storm,Convective storm,Severe storm
9-Dec-13,Western Asia,Storm,Convective storm,Winter storm/Blizzard
2-Dec-13,Western Asia,Storm,Convective storm,Winter storm/Blizzard
2-Sep-13,Eastern Asia,Storm,Convective storm,Tornado
14-Jan-13,Eastern Asia,Storm,Convective storm,Winter storm/Blizzard
23-Feb-13,Eastern Asia,Storm,Convective storm,Winter storm/Blizzard
12-Jun-13,Northern America,Storm,Convective storm,Lightning/Thunderstorms
31-Dec-11,Southern Africa,Storm,Convective storm,Severe storm
29-Oct-11,Northern America,Storm,Convective storm,Winter storm/Blizzard
20-Dec-11,Northern America,Storm,Convective storm,Winter storm/Blizzard
7-Jan-11,Northern America,Storm,Convective storm,Winter storm/Blizzard
17-Jan-11,Northern America,Storm,Convective storm,Winter storm/Blizzard
2-Oct-11,Southern Africa,Storm,Convective storm,Lightning/Thunderstorms
2-Mar-12,Northern America,Storm,Convective storm,Tornado
28-Feb-12,Northern America,Storm,Convective storm,Tornado
2-Apr-12,Northern America,Storm,Convective storm,Tornado
14-Apr-12,Northern America,Storm,Convective storm,Tornado
19-Dec-12,Northern America,Storm,Convective storm,Winter storm/Blizzard
25-Dec-12,Northern America,Storm,Convective storm,Winter storm/Blizzard
18-Jan-12,Northern America,Storm,Convective storm,Winter storm/Blizzard
28-Jun-12,Northern America,Storm,Convective storm,Severe storm
28-Apr-12,Northern America,Storm,Convective storm,Severe storm
18-May-13,Northern America,Storm,Convective storm,Tornado
15-May-13,Northern America,Storm,Convective storm,Tornado
16-Nov-13,Northern America,Storm,Convective storm,Tornado
24-Feb-13,Northern America,Storm,Convective storm,Winter storm/Blizzard
8-Feb-13,Northern America,Storm,Convective storm,Winter storm/Blizzard
24-Nov-13,Northern America,Storm,Convective storm,Winter storm/Blizzard
17-Apr-13,Northern America,Storm,Convective storm,Severe storm
29-Jan-13,Northern America,Storm,Convective storm,Tornado
26-May-13,Northern America,Storm,Convective storm,Tornado
9-Feb-13,Northern America,Storm,Convective storm,Winter storm/Blizzard
1-Dec-13,Northern America,Storm,Convective storm,Winter storm/Blizzard
19-Dec-13,Northern America,Extreme temperature,Severe winter conditions,Snow/Ice
7-Apr-13,Northern America,Storm,Convective storm,Severe storm
18-Mar-13,Northern America,Storm,Convective storm,Severe storm
2-Sep-14,Eastern Asia,Storm,Convective storm,Severe storm
18-Sep-14,Western Europe,Storm,Convective storm,Lightning/Thunderstorms
27-Mar-14,Eastern Asia,Storm,Convective storm,Lightning/Thunderstorms
22-Apr-14,Eastern Asia,Storm,Convective storm,Severe storm
17-Jun-14,Eastern Asia,Storm,Convective storm,Lightning/Thunderstorms
19-Jul-14,Eastern Asia,Storm,Convective storm,Lightning/Thunderstorms
2-Feb-14,Northern America,Storm,Convective storm,Winter storm/Blizzard
1-Feb-14,Southern Asia,Storm,Convective storm,Winter storm/Blizzard
7-Feb-14,Eastern Asia,Storm,Convective storm,Winter storm/Blizzard
7-Apr-14,Eastern Asia,Storm,Convective storm,Winter storm/Blizzard
1-Jan-14,Northern America,Storm,Convective storm,Winter storm/Blizzard
26-Jan-14,Northern America,Storm,Convective storm,Winter storm/Blizzard
22-Nov-14,Australia and New Zealand,Storm,Convective storm,Lightning/Thunderstorms
8-Jun-14,Western Europe,Storm,Convective storm,Lightning/Thunderstorms
8-Jul-14,Eastern Europe,Storm,Convective storm,Hail
15-Nov-14,Western Europe,Storm,Convective storm,Lightning/Thunderstorms
16-Apr-14,Eastern Asia,Storm,Convective storm,Lightning/Thunderstorms
10-Aug-14,Eastern Asia,Storm,Convective storm,Lightning/Thunderstorms
12-Mar-14,Eastern Asia,Storm,Convective storm,Winter storm/Blizzard
2-Dec-14,Eastern Asia,Storm,Convective storm,Winter storm/Blizzard
6-Oct-14,South America,Storm,Convective storm,Lightning/Thunderstorms
8-Jun-14,Western Europe,Storm,Convective storm,Lightning/Thunderstorms
28-Jul-14,Western Europe,Storm,Convective storm,Lightning/Thunderstorms
8-Jun-14,Western Europe,Storm,Convective storm,Lightning/Thunderstorms
7-May-15,Eastern Asia,Storm,Convective storm,Severe storm
21-Jun-15,Eastern Asia,Storm,Convective storm,Severe storm
1-Apr-15,Southern Asia,Storm,Convective storm,Lightning/Thunderstorms
8-Aug-15,South America,Storm,Convective storm,Severe storm
19-Apr-15,Eastern Asia,Storm,Convective storm,Severe storm
24-Oct-15,Northern Africa,Storm,Convective storm,Lightning/Thunderstorms
20-Apr-15,Australia and New Zealand,Storm,Convective storm,Severe storm
24-Mar-15,Eastern Asia,Storm,Convective storm,Severe storm
6-Apr-15,Eastern Asia,Storm,Convective storm,Lightning/Thunderstorms
29-Mar-15,Eastern Asia,Storm,Convective storm,Winter storm/Blizzard
15-Feb-15,South America,Storm,Convective storm,Rain
24-Apr-15,Middle Africa,Storm,Convective storm,Severe storm
3-Nov-15,Northern Africa,Storm,Convective storm,Lightning/Thunderstorms
13-Jul-15,Eastern Asia,Storm,Convective storm,Severe storm
2-May-15,Southern Asia,Storm,Convective storm,Lightning/Thunderstorms
23-May-15,Southern Asia,Storm,Convective storm,Lightning/Thunderstorms
20-Apr-15,South America,Storm,Convective storm,Lightning/Thunderstorms
22-Nov-15,Eastern Asia,Storm,Convective storm,Winter storm/Blizzard
4-Apr-15,Eastern Asia,Storm,Convective storm,Severe storm
6-Oct-15,Eastern Asia,Storm,Convective storm,Severe storm
8-Sep-16,Eastern Asia,Storm,Convective storm,Lightning/Thunderstorms
24-Apr-16,Eastern Asia,Storm,Convective storm,Lightning/Thunderstorms
4-Jun-16,Australia and New Zealand,Storm,Convective storm,Winter storm/Blizzard
23-Jun-16,Western Europe,Storm,Convective storm,Lightning/Thunderstorms
13-May-16,Southern Asia,Storm,Convective storm,Lightning/Thunderstorms
24-Jun-16,Eastern Asia,Storm,Convective storm,Tornado
10-Mar-14,Southern Asia,Storm,Convective storm,Winter storm/Blizzard
6-Mar-14,Southern Asia,Storm,Convective storm,Lightning/Thunderstorms
12-Nov-14,Southern Europe,Storm,Convective storm,Lightning/Thunderstorms
14-Oct-14,Southern Asia,Storm,Convective storm,Winter storm/Blizzard
16-Mar-14,South-Eastern Asia,Storm,Convective storm,Lightning/Thunderstorms
21-Nov-14,Northern Africa,Storm,Convective storm,Severe storm
15-Aug-14,Southern Asia,Storm,Convective storm,Lightning/Thunderstorms
30-May-14,Southern Asia,Storm,Convective storm,Lightning/Thunderstorms
8-Feb-14,Eastern Asia,Storm,Convective storm,Winter storm/Blizzard
14-Feb-14,Eastern Asia,Storm,Convective storm,Winter storm/Blizzard
17-Dec-14,Eastern Asia,Storm,Convective storm,Winter storm/Blizzard
2-Dec-14,Eastern Asia,Storm,Convective storm,Winter storm/Blizzard
1-Feb-14,Central Asia,Storm,Convective storm,Winter storm/Blizzard
17-Feb-14,Eastern Asia,Storm,Convective storm,Winter storm/Blizzard
11-Oct-14,Southern Africa,Storm,Convective storm,Severe storm
18-Apr-14,Southern Asia,Landslide,Avalanche,Winter storm/Blizzard
6-Mar-15,Southern Asia,Storm,Convective storm,Lightning/Thunderstorms
26-Mar-15,Central America,Storm,Convective storm,Severe storm
2-Mar-15,Southern Europe,Storm,Convective storm,Severe storm
21-Apr-15,Southern Asia,Storm,Convective storm,Severe storm
19-Feb-15,Western Asia,Storm,Convective storm,Winter storm/Blizzard
7-Jan-15,Western Asia,Storm,Convective storm,Winter storm/Blizzard
2-Jan-15,Eastern Africa,Storm,Convective storm,Lightning/Thunderstorms
19-Jan-15,Western Asia,Storm,Convective storm,Severe storm
7-Jan-15,Western Asia,Storm,Convective storm,Winter storm/Blizzard
4-Apr-15,Southern Asia,Storm,Convective storm,Lightning/Thunderstorms
6-Sep-15,Southern Asia,Storm,Convective storm,Lightning/Thunderstorms
19-May-15,Southern Asia,Storm,Convective storm,Lightning/Thunderstorms
3-Oct-15,Southern Asia,Storm,Convective storm,Lightning/Thunderstorms
8-Sep-15,Western Asia,Storm,Convective storm,Sand/Dust storm
8-Sep-15,Western Asia,Storm,Convective storm,Sand/Dust storm
6-Jan-15,Western Asia,Storm,Convective storm,Winter storm/Blizzard
10-Feb-15,Western Asia,Storm,Convective storm,Winter storm/Blizzard
25-May-15,Central America,Storm,Convective storm,Tornado
4-Apr-15,South-Eastern Asia,Storm,Convective storm,Lightning/Thunderstorms
19-Jul-15,Eastern Europe,Storm,Convective storm,Severe storm
4-Apr-15,South America,Storm,Convective storm,Severe storm
2-May-15,Central America,Storm,Convective storm,Storm/Surge
8-Sep-15,Western Asia,Storm,Convective storm,Sand/Dust storm
14-Aug-16,Western Africa,Storm,Convective storm,Lightning/Thunderstorms
21-Apr-16,South-Eastern Asia,Storm,Convective storm,Lightning/Thunderstorms
23-Jun-16,Western Europe,Storm,Convective storm,Lightning/Thunderstorms
12-Jun-16,Southern Asia,Storm,Convective storm,Lightning/Thunderstorms
20-Jun-16,Southern Asia,Storm,Convective storm,Lightning/Thunderstorms
29-Apr-16,South-Eastern Asia,Storm,Convective storm,Lightning/Thunderstorms
1-Jun-16,Southern Asia,Storm,Convective storm,Lightning/Thunderstorms
26-Feb-03,Northern America,Storm,Convective storm,Winter storm/Blizzard
10-Dec-14,Northern America,Storm,Convective storm,Winter storm/Blizzard
26-Jul-14,Northern America,Storm,Convective storm,Lightning/Thunderstorms
27-Apr-14,Northern America,Storm,Convective storm,Severe storm
12-Oct-14,Northern America,Storm,Convective storm,Lightning/Thunderstorms
18-May-14,Northern America,Storm,Convective storm,Lightning/Thunderstorms
3-Jun-14,Northern America,Storm,Convective storm,Lightning/Thunderstorms
11-Feb-14,Northern America,Storm,Convective storm,Winter storm/Blizzard
28-Feb-14,Northern America,Storm,Convective storm,Winter storm/Blizzard
15-Nov-14,Northern America,Storm,Convective storm,Winter storm/Blizzard
6-May-15,Northern America,Storm,Convective storm,Lightning/Thunderstorms
29-Oct-15,Northern America,Storm,Convective storm,Lightning/Thunderstorms
24-Apr-15,Northern America,Storm,Convective storm,Tornado
3-May-15,Northern America,Storm,Convective storm,Tornado
3-Jun-15,Northern America,Storm,Convective storm,Lightning/Thunderstorms
7-Apr-15,Northern America,Storm,Convective storm,Tornado
12-Jul-15,Northern America,Storm,Convective storm,Severe storm
25-Mar-15,Northern America,Storm,Convective storm,Tornado
2-Aug-15,Northern America,Storm,Convective storm,Severe storm
16-Feb-15,Northern America,Storm,Convective storm,Winter storm/Blizzard
31-Jan-15,Northern America,Storm,Convective storm,Winter storm/Blizzard
3-Mar-15,Eastern Africa,Storm,Convective storm,Hail
26-Dec-15,Northern America,Storm,Convective storm,Tornado
25-Nov-15,Northern America,Storm,Convective storm,Winter storm/Blizzard
2-Jan-15,Eastern Africa,Storm,Convective storm,Lightning/Thunderstorms
26-Jan-15,Northern America,Storm,Convective storm,Winter storm/Blizzard
6-May-15,Northern America,Storm,Convective storm,Tornado
6-Jan-15,Northern America,Storm,Convective storm,Winter storm/Blizzard
16-Feb-15,Northern America,Storm,Convective storm,Winter storm/Blizzard
3-Mar-15,Northern America,Storm,Convective storm,Winter storm/Blizzard
4-Jan-16,Northern America,Storm,Convective storm,Severe storm
25-Apr-16,Northern America,Storm,Convective storm,Lightning/Thunderstorms
10-Apr-16,Northern America,Storm,Convective storm,Lightning/Thunderstorms
8-May-16,Northern America,Storm,Convective storm,Tornado
17-Mar-16,Northern America,Storm,Convective storm,Severe storm
22-Mar-16,Northern America,Storm,Convective storm,Severe storm
21-May-16,Northern America,Storm,Convective storm,Hail
4-Mar-16,Northern America,Storm,Convective storm,Severe storm
27-Oct-16,Northern Africa,Storm,Convective storm,Lightning/Thunderstorms
23-Jan-16,Northern America,Storm,Convective storm,Winter storm/Blizzard
22-Feb-16,Northern America,Storm,Convective storm,Winter storm/Blizzard
4-Aug-16,Eastern Asia,Storm,Convective storm,Severe storm
5-Aug-17,Western Europe,Storm,Convective storm,Severe storm
14-Jul-17,Eastern Asia,Storm,Convective storm,Lightning/Thunderstorms
24-Jan-17,Southern Asia,Storm,Convective storm,Winter storm/Blizzard
17-Feb-17,Southern Asia,Storm,Convective storm,Winter storm/Blizzard
13-Jul-17,Eastern Asia,Storm,Convective storm,Lightning/Thunderstorms
18-Aug-17,Western Europe,Storm,Convective storm,Severe storm
6-Mar-17,Australia and New Zealand,Storm,Convective storm,Hail
19-Aug-17,Western Europe,Storm,Convective storm,Severe storm
1-May-17,Southern Asia,Storm,Convective storm,Lightning/Thunderstorms
1-Jan-17,Middle Africa,Storm,Convective storm,Severe storm
15-Apr-17,Eastern Asia,Storm,Convective storm,Lightning/Thunderstorms
20-May-17,Eastern Asia,Storm,Convective storm,Lightning/Thunderstorms
1-Mar-17,Eastern Asia,Storm,Convective storm,Severe storm
10-Aug-17,Eastern Europe,Storm,Convective storm,Derecho
22-Jun-17,Western Europe,Storm,Convective storm,Hail
3-Jan-18,Western Europe,Storm,Convective storm,Severe storm
24-Jan-18,Eastern Asia,Storm,Convective storm,Winter storm/Blizzard
3-Jan-18,Southern Europe,Storm,Convective storm,Severe storm
2-Jan-18,Northern Europe,Storm,Convective storm,Severe storm
3-Jan-18,Western Europe,Storm,Convective storm,Severe storm
17-Aug-18,Western Asia,Storm,Convective storm,Hail
29-Apr-18,Southern Asia,Storm,Convective storm,Lightning/Thunderstorms
21-Sep-18,Northern America,Storm,Convective storm,Tornado
3-Mar-18,Eastern Asia,Storm,Convective storm,Lightning/Thunderstorms
2-Jan-18,Eastern Asia,Storm,Convective storm,Winter storm/Blizzard
27-Dec-18,Eastern Asia,Storm,Convective storm,Winter storm/Blizzard
18-Apr-19,Southern Europe,Storm,Convective storm,Severe storm
5-Jan-19,Western Europe,Storm,Convective storm,Winter storm/Blizzard
13-Jan-19,Western Europe,Storm,Convective storm,Winter storm/Blizzard
27-Jun-19,Western Asia,Storm,Convective storm,Hail
31-Mar-19,Southern Asia,Storm,Convective storm,Lightning/Thunderstorms
3-Jul-19,Eastern Asia,Storm,Convective storm,Tornado
27-Jan-19,Caribbean,Storm,Convective storm,Tornado
5-Jan-19,Western Europe,Storm,Convective storm,Winter storm/Blizzard
10-Jul-19,Southern Europe,Storm,Convective storm,Tornado
24-Oct-16,Eastern Africa,Storm,Convective storm,Lightning/Thunderstorms
1-Sep-16,Southern Asia,Storm,Convective storm,Lightning/Thunderstorms
9-Sep-17,Southern Europe,Storm,Convective storm,Lightning/Thunderstorms
22-Apr-17,Southern Asia,Storm,Convective storm,Lightning/Thunderstorms
5-Aug-17,Southern Europe,Storm,Convective storm,Severe storm
21-Jul-17,Australia and New Zealand,Storm,Convective storm,Winter storm/Blizzard
11-Sep-17,Southern Europe,Storm,Convective storm,Lightning/Thunderstorms
21-Jun-17,Eastern Europe,Storm,Convective storm,Hail
4-Sep-17,Western Africa,Storm,Convective storm,Severe storm
8-Jul-17,Southern Asia,Storm,Convective storm,Lightning/Thunderstorms
28-May-17,Southern Asia,Storm,Convective storm,Lightning/Thunderstorms
25-Mar-17,Southern Asia,Storm,Convective storm,Lightning/Thunderstorms
10-Jun-17,Southern Asia,Storm,Convective storm,Lightning/Thunderstorms
10-Aug-17,Eastern Europe,Storm,Convective storm,Derecho
17-Sep-17,Eastern Europe,Storm,Convective storm,Severe storm
1-Jun-18,Southern Asia,Storm,Convective storm,Lightning/Thunderstorms
2-Jan-18,Northern Europe,Storm,Convective storm,Severe storm
11-Apr-18,Southern Asia,Storm,Convective storm,Lightning/Thunderstorms
17-Apr-18,Southern Asia,Storm,Convective storm,Lightning/Thunderstorms
13-May-18,Southern Asia,Storm,Convective storm,Lightning/Thunderstorms
6-May-18,Southern Asia,Storm,Convective storm,Lightning/Thunderstorms
28-May-18,Southern Asia,Storm,Convective storm,Lightning/Thunderstorms
1-May-18,Southern Asia,Storm,Convective storm,Sand/Dust storm
19-Jan-18,Western Asia,Storm,Convective storm,Winter storm/Blizzard
25-Nov-18,Eastern Asia,Storm,Convective storm,Winter storm/Blizzard
6-Jun-19,Southern Asia,Storm,Convective storm,Lightning/Thunderstorms
11-Jan-19,Western Asia,Storm,Convective storm,Severe storm
1-Jun-19,Southern Asia,Storm,Convective storm,Lightning/Thunderstorms
10-May-19,Eastern Asia,Storm,Convective storm,Storm/Surge
30-Mar-19,Southern Asia,Storm,Convective storm,Severe storm
26-Nov-16,Northern America,Storm,Convective storm,Winter storm/Blizzard
13-Dec-16,Northern America,Storm,Convective storm,Winter storm/Blizzard
28-Nov-16,Western Asia,Storm,Convective storm,Winter storm/Blizzard
9-Dec-16,Eastern Africa,Storm,Convective storm,Lightning/Thunderstorms
24-Apr-16,Northern America,Storm,Convective storm,Lightning/Thunderstorms
6-Jan-17,Northern America,Storm,Convective storm,Winter storm/Blizzard
5-Aug-17,Northern America,Storm,Convective storm,Tornado
31-Dec-17,Northern America,Storm,Convective storm,Winter storm/Blizzard
7-Jun-17,Southern Africa,Storm,Convective storm,Lightning/Thunderstorms
27-Jul-17,Western Asia,Storm,Convective storm,Lightning/Thunderstorms
25-Jun-17,Northern America,Storm,Convective storm,Lightning/Thunderstorms
25-Mar-17,Northern America,Storm,Convective storm,Tornado
27-Feb-17,Northern America,Storm,Convective storm,Tornado
29-May-17,Eastern Europe,Storm,Convective storm,Severe storm
9-May-17,Northern America,Storm,Convective storm,Hail
6-Mar-17,Northern America,Storm,Convective storm,Hail
9-Jun-17,Northern America,Storm,Convective storm,Lightning/Thunderstorms
5-Nov-17,Northern America,Storm,Convective storm,Lightning/Thunderstorms
9-Oct-17,Southern Africa,Storm,Convective storm,Lightning/Thunderstorms
1-Apr-17,Eastern Africa,Storm,Convective storm,Severe storm
10-Aug-17,Eastern Europe,Storm,Convective storm,Derecho
13-Mar-17,Northern America,Storm,Convective storm,Winter storm/Blizzard
18-Jan-17,Northern America,Storm,Convective storm,Severe storm
1-Mar-18,Northern America,Storm,Convective storm,Winter storm/Blizzard
6-Aug-18,Northern America,Storm,Convective storm,Lightning/Thunderstorms
3-Jan-18,Northern America,Storm,Convective storm,Winter storm/Blizzard
26-Dec-18,Northern America,Storm,Convective storm,Winter storm/Blizzard
19-Jul-18,Northern America,Storm,Convective storm,Tornado
21-Jan-18,Northern America,Storm,Convective storm,Winter storm/Blizzard
23-Feb-19,Northern America,Storm,Convective storm,Lightning/Thunderstorms
18-Jan-19,Northern America,Storm,Convective storm,Sand/Dust storm
13-Apr-19,Northern America,Storm,Convective storm,Tornado
23-May-19,Northern America,Storm,Convective storm,Tornado
29-Jan-19,Northern America,Storm,Convective storm,Winter storm/Blizzard
24-Apr-19,Northern America,Storm,Convective storm,Lightning/Thunderstorms
31-Oct-19,Northern America,Storm,Convective storm,Severe storm
23-Nov-19,Western Europe,Storm,Convective storm,Severe storm
11-Jan-19,Northern America,Storm,Convective storm,Winter storm/Blizzard
3-Mar-19,Northern America,Storm,Convective storm,Tornado
9-Aug-19,Western Europe,Storm,Convective storm,Tornado
19-Jan-20,Australia and New Zealand,Storm,Convective storm,Lightning/Thunderstorms
12-Jan-20,Southern Asia,Storm,Convective storm,Winter storm/Blizzard
13-Jun-20,Northern America,Storm,Convective storm,Severe storm
13-Jul-20,Western Asia,Storm,Convective storm,Hail
16-Mar-20,Eastern Africa,Storm,Convective storm,Lightning/Thunderstorms
31-Oct-20,Australia and New Zealand,Storm,Convective storm,Hail
1-May-20,Eastern Asia,Storm,Convective storm,Severe storm
29-Jan-21,South America,Storm,Convective storm,Severe storm
24-Jun-21,Eastern Europe,Storm,Convective storm,Severe storm
23-Jul-21,Western Europe,Storm,Convective storm,Severe storm
8-Jan-21,Southern Europe,Storm,Convective storm,Winter storm/Blizzard
30-Apr-21,Eastern Asia,Storm,Convective storm,Lightning/Thunderstorms
28-Jun-21,Western Europe,Storm,Convective storm,Lightning/Thunderstorms
28-Jun-21,Western Europe,Storm,Convective storm,Lightning/Thunderstorms
14-Mar-21,Eastern Asia,Storm,Convective storm,Sand/Dust storm
24-Jul-21,Western Europe,Storm,Convective storm,Severe storm
21-Jun-21,Northern America,Storm,Convective storm,Tornado
13-May-21,Eastern Asia,Storm,Convective storm,Tornado
22-May-21,Eastern Asia,Storm,Convective storm,Severe storm
23-Nov-19,Southern Europe,Storm,Convective storm,Severe storm
16-Oct-19,Central America,Storm,Convective storm,Severe storm
12-Nov-19,Southern Europe,Storm,Convective storm,Severe storm
17-Aug-19,Central America,Storm,Convective storm,Severe storm
22-Aug-19,Eastern Europe,Storm,Convective storm,Severe storm
19-Jun-19,Western Africa,Storm,Convective storm,Storm/Surge
9-Aug-19,Western Europe,Storm,Convective storm,Tornado
22-Aug-19,Eastern Europe,Storm,Convective storm,Severe storm
11-Jan-20,Southern Asia,Storm,Convective storm,Winter storm/Blizzard
29-Aug-20,Southern Europe,Storm,Convective storm,Severe storm
25-Aug-20,Eastern Africa,Storm,Convective storm,Severe storm
16-Dec-20,Eastern Asia,Storm,Convective storm,Winter storm/Blizzard
1-Jan-20,Eastern Asia,Storm,Convective storm,Winter storm/Blizzard
11-Jan-20,Southern Asia,Storm,Convective storm,Winter storm/Blizzard
7-Jan-20,Western Asia,Storm,Convective storm,Severe storm
29-Apr-20,South-Eastern Asia,Storm,Convective storm,Severe storm
16-May-21,Central America,Storm,Convective storm,Severe storm
14-Jul-21,Southern Asia,Storm,Convective storm,Severe storm
31-May-21,Southern Asia,Storm,Convective storm,Severe storm
22-Jun-21,Eastern Europe,Storm,Convective storm,Severe storm
7-Jan-21,Eastern Asia,Storm,Convective storm,Winter storm/Blizzard
8-Jan-21,Eastern Asia,Storm,Convective storm,Winter storm/Blizzard
2-Jul-21,Western Africa,Storm,Convective storm,Severe storm
1-Jan-21,South-Eastern Asia,Storm,Convective storm,Severe storm
14-Mar-21,Eastern Asia,Storm,Convective storm,Sand/Dust storm
22-Mar-21,South-Eastern Asia,Storm,Convective storm,Severe storm
12-Feb-21,Central America,Storm,Convective storm,Winter storm/Blizzard
19-Jun-21,Australia and New Zealand,Storm,Convective storm,Tornado
1-Jun-21,Northern Africa,Storm,Convective storm,Severe storm
16-Dec-19,Northern America,Storm,Convective storm,Severe storm
27-Nov-19,Northern America,Storm,Convective storm,Winter storm/Blizzard
20-Oct-19,Northern America,Storm,Convective storm,Severe storm
11-Nov-19,Southern Africa,Storm,Convective storm,Severe storm
20-May-20,Northern America,Storm,Convective storm,Severe storm
10-Nov-20,Northern America,Storm,Convective storm,Lightning/Thunderstorms
17-Nov-20,Southern Africa,Storm,Convective storm,Severe storm
6-Apr-20,Northern America,Storm,Convective storm,Tornado
2-May-20,Northern America,Storm,Convective storm,Severe storm
22-Jun-20,South America,Storm,Convective storm,Severe storm
10-Apr-20,Northern America,Storm,Convective storm,Tornado
21-Apr-20,Northern America,Storm,Convective storm,Tornado
10-Jan-20,Northern America,Storm,Convective storm,Severe storm
22-Apr-20,South-Eastern Asia,Storm,Convective storm,Lightning/Thunderstorms
8-Aug-20,Northern America,Storm,Convective storm,Derecho
27-May-20,Northern America,Storm,Convective storm,Hail
2-Mar-20,Northern America,Storm,Convective storm,Tornado
27-Mar-20,Northern America,Storm,Convective storm,Severe storm
13-Jan-21,Northern America,Storm,Convective storm,Severe storm
24-Jan-21,Northern America,Storm,Convective storm,Severe storm
5-May-21,Northern America,Storm,Convective storm,Tornado
27-Apr-21,Northern America,Storm,Convective storm,Severe storm
24-Jan-21,Northern America,Storm,Convective storm,Tornado
9-Apr-21,Northern America,Storm,Convective storm,Severe storm
10-Feb-21,Northern America,Storm,Convective storm,Winter storm/Blizzard
24-Mar-21,Northern America,Storm,Convective storm,Tornado
14-May-21,Northern America,Storm,Convective storm,Severe storm
13-Apr-21,Northern America,Storm,Convective storm,Severe storm
16-Mar-21,Northern America,Storm,Convective storm,Tornado
22-Mar-21,South-Eastern Asia,Storm,Convective storm,Severe storm
